﻿<?xml version="1.0" encoding="UTF-8" standalone="no"?>
<presets
xmlns="http://josm.openstreetmap.de/tagging-preset-1.0"
author=""
description="Main franchises in South Korea"
ko.description="대한민국 내의 주요 프랜차이즈"
shortdescription="Franchises in Korea"
ko.shortdescription="한국의 프랜차이즈"
version="2018-10-28"
ko.link="https://wiki.openstreetmap.org/wiki/ko.Korean_presets"
link="https://wiki.openstreetmap.org/wiki/Korean_presets"
icon="flag/South_Korea.svg"
baselanguage="ko">
    <!--
This file is generated by EasyPresets plugin.
https://github.com/maripo/JOSM_easypresets/blob/master/README.md
It supports just a few tags and attributes.
If you want to share your custom tags with other users, please look through the official document.
 * https://josm.openstreetmap.de/wiki/TaggingPresets
 * https://wiki.openstreetmap.org/wiki/Customising_JOSM_Presets
-->
<group icon="flag/South_Korea.svg" name="Franchises in Korea" ko.name="한국의 프랜차이즈">
<group icon="presets/shop/variety_store.svg" name="Variety Store" ko.name="잡화점">
    <item icon="presets/shop/variety_store.svg" name="DAISO" ko.name="다이소" type="node,relation,closedway,multipolygon">
        <label text="DAISO" ko.text="다이소"/>
        <key key="shop" value="variety_store"/>
        <key key="brand" value="다이소"/>
        <key key="operator" value="(주)아성다이소"/>
        <text default="다이소" key="name" text="Name(Korean)" ko.text="점포명(한국어)"/>
        <text default="다이소" key="name:ko" text="Name(Korean)" ko.text="점포명(한국어)"/>
        <text default="DAISO" key="name:en" text="Name(English)" ko.text="점포명(영어)"/>
        <text default="ダイソー" key="name:ja" text="Name(Japanese)" ko.text="점포명(일본어)"/>
        <text default="1" key="level" text="Stories" ko.text="층수"/>
        <text default="10:00-22:00" key="opening_hours" text="Opening Hours" ko.text="영업 시간"/>
        <key key="website" value="https://www.daiso.co.kr/"/>
        <key key="wikidata" value="Q12590862"/>
        <key key="wikipedia" value="ko:아성다이소"/>
    </item>
</group>
<group icon="presets/shop/groceries/bakery.svg" name="Bakery" ko.name="제과점">
    <item icon="presets/shop/groceries/bakery.svg" name="Tous Les Jours" ko.name="뚜레쥬르" type="node,relation,closedway,multipolygon">
        <label text="Tous Les Jours" ko.text="뚜레쥬르"/>
        <key key="shop" value="bakery"/>
        <key key="brand" value="뚜레쥬르"/>
        <key key="operator" value="CJ푸드빌"/>
        <text default="뚜레쥬르" key="name" text="Name(Korean)" ko.text="점포명(한국어)"/>
        <text default="뚜레쥬르" key="name:ko" text="Name(Korean)" ko.text="점포명(한국어)"/>
        <text default="Tous Les Jours" key="name:en" text="Name(English)" ko.text="점포명(영어)"/>
        <text default="トゥレジュール" key="name:ja" text="Name(Japanese)" ko.text="점포명(일본어)"/>
        <text default="多乐之日" key="name:zh" text="Name(Chinese)" ko.text="점포명(중국어)"/>
        <text default="1" key="level" text="Stories" ko.text="층수"/>
        <combo key="opening_hours" text="Opening Hours" ko.text="영업 시간" values="06:30-24:00,07:30-24:00,08:00-24:00,08:00-22:00,07:00-21:30"/>
        <key key="website" value="https://www.tlj.co.kr:7008/product/new.asp"/>
        <key key="wikidata" value="Q3535609"/>
        <key key="wikipedia" value="ko:뚜레쥬르"/>
    </item>
    <item icon="presets/shop/groceries/bakery.svg" name="Paris Baguette" ko.name="파리바게뜨" type="node,relation,closedway,multipolygon">
        <label text="Paris Baguette" ko.text="파리바게뜨"/>
        <key key="shop" value="bakery"/>
        <key key="brand" value="파리바게뜨"/>
        <key key="operator" value="(주)파리크라상"/>
        <text default="파리바게뜨" key="name" text="Name(Korean)" ko.text="점포명(한국어)"/>
        <text default="파리바게뜨" key="name:ko" text="Name(Korean)" ko.text="점포명(한국어)"/>
        <text default="Paris Baguette" key="name:en" text="Name(English)" ko.text="점포명(영어)"/>
        <text default="巴黎贝甜" key="name:zh" text="Name(Chinese)" ko.text="점포명(중국어)"/>
        <text default="1" key="level" text="Stories" ko.text="층수"/>
        <combo key="opening_hours" text="Opening Hours" ko.text="영업 시간" values="07:00-24:00,09:00-22:00"/>
        <key key="website" value="https://www.paris.co.kr/main"/>
        <key key="wikidata" value="Q12621461"/>
        <key key="wikipedia" value="ko:파리바게뜨"/>
    </item>
</group>
<group icon="presets/food/cafe.svg" name="Cafe" ko.name="카페">
    <item icon="presets/food/cafe.svg" name="Starbucks" ko.name="스타벅스" type="node,relation,closedway,multipolygon">
        <label text="Starbucks" ko.text="스타벅스"/>
        <key key="amenity" value="cafe"/>
        <key key="cuisine" value="coffee_shop"/>
        <key key="brand" value="스타벅스"/>
        <key key="operator" value="(주)스타벅스커피 코리아"/>
        <text default="스타벅스" key="name" text="Name(Korean)" ko.text="점포명(한국어)"/>
        <text default="Starbucks" key="name:en" text="Name(English)" ko.text="점포명(영어)"/>
        <text default="スターバックス" key="name:ja" text="Name(Japanese)" ko.text="점포명(일본어)"/>
        <text default="스타벅스" key="name:ko" text="Name(Korean)" ko.text="점포명(한국어)"/>
        <text default="星巴克" key="name:zh" text="Name(Chinese)" ko.text="점포명(중국어)"/>
        <text default="1" key="level" text="Stories" ko.text="층수"/>
        <combo key="opening_hours" text="Opening Hours" ko.text="영업 시간" values="Mo-Fr 07:00-23:00; Sa-Su 08:00-23:00,07:00-23:00,08:00-23:00"/>
        <key key="website" value="http://www.istarbucks.co.kr/index.do"/>
        <key key="wikidata" value="Q37158"/>
        <key key="wikipedia" value="ko:스타벅스"/>
    </item>
    <item icon="presets/food/cafe.svg" name="Ediya Coffee" ko.name="이디야커피" type="node,relation,closedway,multipolygon">
        <label text="Ediya Coffee" ko.text="이디야커피"/>
        <key key="amenity" value="cafe"/>
        <key key="cuisine" value="coffee_shop"/>
        <key key="brand" value="이디야커피"/>
        <key key="operator" value="이디야커피"/>
        <text default="이디야커피" key="name" text="Name(Korean)" ko.text="점포명(한국어)"/>
        <text default="이디야커피" key="name:ko" text="Name(Korean)" ko.text="점포명(한국어)"/>
        <text default="Ediya Coffee" key="name:en" text="Name(English)" ko.text="점포명(영어)"/>
        <text default="1" key="level" text="Stories" ko.text="층수"/>
        <combo key="opening_hours" text="Opening Hours" ko.text="영업 시간" values="08:00-22:00,09:00-22:00"/>
        <key key="website" value="https://www.ediya.com/"/>
        <key key="wikidata" value="Q12611298"/>
        <key key="wikipedia" value="ko:이디야커피"/>
    </item>
    <item icon="presets/food/cafe.svg" name="The Coffee Bean &amp; Tea Leaf" ko.name="커피빈" type="node,relation,closedway,multipolygon">
        <label text="The Coffee Bean &amp; Tea Leaf" ko.text="커피빈"/>
        <key key="amenity" value="cafe"/>
        <key key="cuisine" value="coffee_shop"/>
        <key key="brand" value="커피빈"/>
        <key key="operator" value="(주)커피빈코리아"/>
        <text default="커피빈" key="name" text="Name(Korean)" ko.text="점포명(한국어)"/>
        <text default="커피빈" key="name:ko" text="Name(Korean)" ko.text="점포명(한국어)"/>
        <text default="The Coffee Bean &amp; Tea Leaf" key="name:en" text="Name(English)" ko.text="점포명(영어)"/>
        <text default="ザ・コーヒービーン &amp; ティーリーフ" key="name:ja" text="Name(Japanese)" ko.text="점포명(일본어)"/>
        <text default="香啡缤" key="name:zh" text="Name(Chinese)" ko.text="점포명(중국어)"/>
        <text default="1" key="level" text="Stories" ko.text="층수"/>
        <combo key="opening_hours" text="Opening Hours" ko.text="영업 시간" values="07:00-23:00"/>
        <key key="website" value="http://www.coffeebeankorea.com/main/main.asp"/>
        <key key="wikidata" value="Q1141384"/>
        <key key="wikipedia" value="ko:커피빈 앤드 티리프"/>
    </item>
    <item icon="presets/food/cafe.svg" name="Holly's Coffee" ko.name="할리스커피" type="node,relation,closedway,multipolygon">
        <label text="Holly's Coffee" ko.text="할리스커피"/>
        <key key="amenity" value="cafe"/>
        <key key="cuisine" value="coffee_shop"/>
        <key key="brand" value="할리스커피"/>
        <key key="operator" value="(주)할리스에프앤비"/>
        <text default="할리스커피" key="name" text="이름"/>
        <text default="할리스커피" key="name:ko" text="Name(Korean)" ko.text="점포명(한국어)"/>
        <text default="Holly's Coffee" key="name:en" text="Name(English)" ko.text="점포명(영어)"/>
        <text default="1" key="level" text="Stories" ko.text="층수"/>
        <combo key="opening_hours" text="Opening Hours" ko.text="영업 시간" values="07:00-23:00,08:00-24:00,08:00-01:30,09:00-24:00"/>
        <key key="website" value="https://www.hollys.co.kr/"/>
        <key key="wikidata" value="Q12624386"/>
        <key key="wikipedia" value="ko:할리스 커피"/>
    </item>
</group>
<group icon="presets/shop/convenience.svg" name="Convenience Store" ko.name="편의점">
    <item icon="presets/shop/convenience.svg" name="MINISTOP" ko.name="미니스톱" type="node,relation,closedway,multipolygon">
        <label text="MINISTOP" ko.text="미니스톱"/>
        <key key="shop" value="convenience"/>
        <key key="brand" value="MINISTOP"/>
        <key key="operator" value="미니스톱"/>
        <key key="operator:en" value="MINISTOP"/>
        <text default="미니스톱" key="name" text="Name(Korean)" ko.text="점포명(한국어)"/>
        <text default="미니스톱" key="name:ko" text="Name(Korean)" ko.text="점포명(한국어)"/>
        <text default="MINISTOP" key="name:en" text="Name(English)" ko.text="점포명(영어)"/>
        <text default="ミニストップ" key="name:ja" text="Name(Japanese)" ko.text="점포명(일본어)"/>
        <text default="1" key="level" text="Stories" ko.text="층수"/>
        <combo key="opening_hours" text="Opening Hours" ko.text="영업 시간" values="06:00-01:00,06:00-24:00,24/7"/>
        <key key="website" value="https://www.ministop.co.kr/"/>
        <key key="wikidata" value="Q1038929"/>
        <key key="wikipedia" value="ko:미니스톱"/>
    </item>
    <item icon="presets/shop/convenience.svg" name="Seven-Eleven" ko.name="세븐일레븐" type="node,relation,closedway,multipolygon">
        <label text="Seven-Eleven" ko.text="세븐일레븐"/>
        <key key="shop" value="convenience"/>
        <key key="brand" value="7 ELEVEN"/>
        <key key="operator" value="코리아세븐"/>
        <key key="operator:en" value="KOREA SEVEN"/>
        <text default="세븐일레븐" key="name" text="Name(Korean)" ko.text="점포명(한국어)"/>
        <text default="세븐일레븐" key="name:ko" text="Name(Korean)" ko.text="점포명(한국어)"/>
        <text default="Seven-Eleven" key="name:en" text="Name(English)" ko.text="점포명(영어)"/>
        <text default="セブン-イレブン" key="name:ja" text="Name(Japanese)" ko.text="점포명(일본어)"/>
        <text default="1" key="level" text="Stories" ko.text="층수"/>
        <combo key="opening_hours" text="Opening Hours" ko.text="영업 시간" values="06:00-01:00,06:00-24:00,24/7"/>
        <key key="website" value="http://www.7-eleven.co.kr/"/>
        <key key="wikidata" value="Q259340"/>
        <key key="wikipedia" value="ko:세븐일레븐"/>
    </item>
    <item icon="presets/shop/convenience.svg" name="CU" type="node,relation,closedway,multipolygon">
        <label text="CU"/>
        <key key="shop" value="convenience"/>
        <key key="brand" value="CU"/>
        <key key="operator" value="BGF리테일"/>
        <key key="operator:en" value="BGF Retail"/>
        <text default="CU" key="name" text="Name(Korean)" ko.text="점포명(한국어)"/>
        <text default="CU" key="name:ko" text="Name(Korean)" ko.text="점포명(한국어)"/>
        <text default="1" key="level" text="Stories" ko.text="층수"/>
        <combo key="opening_hours" text="Opening Hours" ko.text="영업 시간" values="06:00-01:00,06:00-24:00,24/7,"/>
        <key key="website" value="http://cu.bgfretail.com/index.do"/>
        <key key="wikidata" value="Q12580836"/>
        <key key="wikipedia" value="ko:CU (편의점)"/>
    </item>
    <item icon="presets/shop/convenience.svg" name="GS25" type="node,relation,closedway,multipolygon">
        <label text="GS25"/>
        <key key="shop" value="convenience"/>
        <key key="brand" value="GS25"/>
        <key key="operator" value="GS리테일"/>
        <key key="operator:en" value="GS Retail"/>
        <text default="GS25" key="name" text="Name(Korean)" ko.text="점포명(한국어)"/>
        <text default="GS25" key="name:ko" text="Name(Korean)" ko.text="점포명(한국어)"/>
        <text default="1" key="level" text="Stories" ko.text="층수"/>
        <combo key="opening_hours" text="Opening Hours" ko.text="영업 시간" values="06:00-01:00,06:00-24:00,24/7,"/>
        <key key="website" value="http://gs25.gsretail.com/gscvs/ko/main"/>
        <key key="wikidata" value="Q624041"/>
        <key key="wikipedia" value="ko:GS25"/>
    </item>
</group>
<group icon="presets/shop/cosmetics.svg" name="Cosmetic Store" ko.name="화장품 가게">
    <item icon="presets/shop/cosmetics.svg" name="Skinfood" ko.name="스킨푸드" type="node,relation,closedway,multipolygon">
        <label text="Skinfood" ko.text="스킨푸드"/>
        <key key="shop" value="cosmetics"/>
        <key key="brand" value="스킨푸드"/>
        <key key="operator" value="(주)스킨푸드"/>
        <text default="스킨푸드" key="name" text="Name(Korean)" ko.text="점포명(한국어)"/>
        <text default="스킨푸드" key="name:ko" text="Name(Korean)" ko.text="점포명(한국어)"/>
        <text default="Skinfood" key="name:en" text="Name(English)" ko.text="점포명(영어)"/>
        <text default="1" key="level" text="Stories" ko.text="층수"/>
        <combo key="opening_hours" text="Opening Hours" ko.text="영업 시간" values="09:00-22:00,10:00-22:00,"/>
        <key key="website" value="http://www.theskinfood.com/"/>
        <key key="wikidata" value="Q7535345"/>
        <key key="wikipedia" value="ko:스킨푸드"/>
    </item>
    <item icon="presets/shop/cosmetics.svg" name="Olive Young" ko.name="올리브영" type="node,relation,closedway,multipolygon">
        <label text="Olive Young" ko.text="올리브영"/>
        <key key="shop" value="cosmetics"/>
        <key key="brand" value="올리브영"/>
        <key key="operator" value="씨제이 올리브네트웍스 주식회사"/>
        <text default="올리브영" key="name" text="Name(Korean)" ko.text="점포명(한국어)"/>
        <text default="올리브영" key="name:ko" text="Name(Korean)" ko.text="점포명(한국어)"/>
        <text default="Olive Young" key="name:en" text="Name(English)" ko.text="점포명(영어)"/>
        <text default="1" key="level" text="Stories" ko.text="층수"/>
        <combo key="opening_hours" text="Opening Hours" ko.text="영업 시간" values="10:00-22:00,09:00-22:00"/>
        <key key="website" value="http://www.oliveyoung.co.kr/store/main/main.do"/>
        <key key="wikidata" value="Q55643246"/>
        <key key="wikipedia" value="ko:올리브영"/>
    </item>
</group>
</group>
</presets>
