﻿<?xml version="1.0" encoding="UTF-8" standalone="no"?>
<presets
xmlns="http://josm.openstreetmap.de/tagging-preset-1.0"
author="LuxuryCoop"
version="2_2018-11-18"
description="Main franchises in South Korea"
ko.description="대한민국 내의 주요 프랜차이즈"
shortdescription="Franchises in Korea"
ko.shortdescription="한국의 프랜차이즈"
ko.link="https://wiki.openstreetmap.org/wiki/ko.Korean_presets"
link="https://wiki.openstreetmap.org/wiki/Korean_presets"
icon="icon/South_Korea.svg"
baselanguage="ko">
    <!--
This file is generated by EasyPresets plugin.
https://github.com/maripo/JOSM_easypresets/blob/master/README.md
It supports just a few tags and attributes.
If you want to share your custom tags with other users, please look through the official document.
 * https://josm.openstreetmap.de/wiki/TaggingPresets
 * https://wiki.openstreetmap.org/wiki/Customising_JOSM_Presets
-->
<group icon="icon/South_Korea.svg" name="Franchises in Korea" ko.name="한국의 프랜차이즈">
<chunk id="level_1">
	<text default="1" key="level" text="Stories" ko.text="층수"/>
</chunk>

<chunk id="internet">
	<combo key="internet_access" text="Internet" ko.text="인터넷" values="yes,no,wlan,terminal,wired" ko.display_values="제공됨,제공되지 않음,Wi-Fi,컴퓨터가 비치되어 있음,유선랜 단자가 있음"/>
	<combo key="internet_access:fee" text="Fee for Internet" ko.text="인터넷 요금" values="yes,no,customers" ko.display_values="유료,무료,고객에게만 무료"/>
	<combo key="internet_access:operator" text="Operator for Internet (Telecom)" ko.text="인터넷 통신사" values="SKT,KT,LG U+"/>
</chunk>

<chunk id="wi-fi">
	<text key="internet_access:ssid" text="Name for Wi-Fi" ko.text="Wi-Fi 이름"/>
</chunk>

<chunk id="PCbang">
	<combo key="charge" text="Charge" ko.text="요금" values="1000₩/1h,1200₩/1h,1500₩/1h,(요금)₩/1h" ko.display_values="1시간에 천원,1시간에 1200원,1시간에 1500원,1시간에 (요금)원(사용자 지정)"/>
	<combo key="description" text="Detailed Description" ko.text="상세 설명"
		values="학생 할인,일부 게임 실행 시 시간 차감 가속,학생 할인;일부 게임 실행 시 시간 차감 가속"
		display_values="Discount for Student,Acceleration in subtracting remaining time while some games,Discount for Student + Acceleration in subtracting remaining time while some games"
		ko.display_values="학생 할인,일부 게임 실행 시 시간 차감 가속,학생 할인 + 일부 게임 실행 시 시간 차감 가속"
	/>
	<label text="(※ Exist value in 'description' tag will be removed!)" ko.text="(※ 기존 'description' 태그의 값은 삭제됩니다!)"/>
</chunk>

<chunk id="wheelchair">
	<combo key="wheelchair" text="Wheelchair Accessibility" ko.text="휠체어 접근 가능" values="yes,no,limited" ko.display_values="가능,불가능,일부만 접근 가능"/>
</chunk>

<chunk id="payment">
	<label text="Payments" ko.text="지불 수단"/>
	<label text="※ Values are set to 'no' if checking and unchecking!" ko.text="※ 체크를 했다가 풀면 no로 등록됩니다!"/>
	<label text="It is good not to check if you don't know that info well." ko.text="잘 모르겠다면 아예 체크를 하지 않는 것이 좋습니다."/>
	<space />
	<key key="payment:coins" value="yes"/>
	<key key="payment:cash" value="yes"/>
	<key key="payment:notes" value="yes"/>
	<key key="payment:visa" value="yes"/>
	<key key="payment:mastercard" value="yes"/>
	<key key="payment:american_express" value="yes"/>
	<key key="payment:diners_club" value="yes"/>
	<key key="payment:discover_card" value="yes"/>
	<key key="payment:jcb" value="yes"/>
</chunk>

<chunk id="payment_optional">
	<check key="payment:unionpay" text="Unionpay" ko.text="Unionpay(은련)"/>
	<check key="payment:telephone_cards" text="Telephone Cards" ko.text="전화카드" default="off"/>
	<check key="payment:maestro" text="Maestro" ko.text="마에스트로" default="off"/>
</chunk>


<group icon="icon/Lunch.svg" name="Lunch" ko.name="도시락">
    <item icon="icon/Lunch.svg" name="Hansot Lunch" ko.name="한솥도시락" type="node,relation,closedway,multipolygon">
        <label text="Hansot Lunch" ko.text="한솥도시락"/>
        <label text="※ English name is unofficial!" ko.text="※ 영어 명칭은 비공식입니다!"/>
		<space />
        <key key="amenity" value="restaurant"/>
        <key key="cuisine" value="asian"/>
        <key key="brand" value="한솥도시락"/>
        <key key="brand:en" value="Hansot Lunch"/>
        <key key="operator" value="한솥"/>
        <key key="operator:en" value="Hansot"/>
		
        <text default="한솥도시락" key="name" text="Name(Korean)" ko.text="점포명(한국어)"/>
        <text default="한솥도시락" key="name:ko" text="Name(Korean)" ko.text="점포명(한국어)"/>
        <text default="Hansot Lunch" key="name:en" text="Name(English)" ko.text="점포명(영어)"/>
        <reference ref="level_1"/>
        <combo key="takeaway" text="Takeaway Available" ko.text="테이크 아웃" values="yes,only"/>
        <combo key="opening_hours" text="Opening Hours" ko.text="영업 시간" values="09:00-22:00"/>
		<reference ref="wheelchair"/>
		
		<item_separator />
		<reference ref="payment"/>
		<reference ref="payment_optional"/>
		
		<item_separator />
		<reference ref="internet"/>
		<reference ref="wi-fi"/>
		
        <key key="website" value="https://www.hsd.co.kr/"/>
        <key key="brand:wikidata" value="Q55730575"/>
        <key key="brand:wikipedia" value="ko:한솥도시락"/>
    </item>
</group>


<group icon="presets/shop/variety_store.svg" name="Variety Store" ko.name="잡화점">
    <item icon="presets/shop/variety_store.svg" name="DAISO" ko.name="다이소" type="node,relation,closedway,multipolygon">
        <label text="DAISO" ko.text="다이소"/>
        <key key="shop" value="variety_store"/>
        <key key="brand" value="다이소"/>
        <key key="brand:en" value="DAISO"/>
        <key key="operator" value="(주)아성다이소"/>
		
		<text default="다이소" key="name" text="Name(Korean)" ko.text="점포명(한국어)"/>
        <text default="다이소" key="name:ko" text="Name(Korean)" ko.text="점포명(한국어)"/>
        <text default="DAISO" key="name:en" text="Name(English)" ko.text="점포명(영어)"/>
		<key key="name:ja" value="ダイソー"/>
        <reference ref="level_1"/>
        <text default="10:00-22:00" key="opening_hours" text="Opening Hours" ko.text="영업 시간"/>
		<reference ref="wheelchair"/>
		
		<item_separator />
		<reference ref="payment"/>
		<reference ref="payment_optional"/>
		
		<item_separator />
		<reference ref="internet"/>
		<reference ref="wi-fi"/>
		
        <key key="website" value="https://www.daiso.co.kr/"/>
        <key key="brand:wikidata" value="Q12590862"/>
        <key key="brand:wikipedia" value="ko:아성다이소"/>
    </item>
</group>


<group icon="presets/shop/groceries/bakery.svg" name="Bakery" ko.name="제과점">
    <item icon="presets/shop/groceries/bakery.svg" name="Tous Les Jours" ko.name="뚜레쥬르" type="node,relation,closedway,multipolygon">
        <label text="Tous Les Jours" ko.text="뚜레쥬르"/>
        <key key="shop" value="bakery"/>
        <key key="brand" value="뚜레쥬르"/>
        <key key="brand:en" value="Tous Les Jours"/>
        <key key="operator" value="CJ푸드빌"/>
		
        <text default="뚜레쥬르" key="name" text="Name(Korean)" ko.text="점포명(한국어)"/>
        <text default="뚜레쥬르" key="name:ko" text="Name(Korean)" ko.text="점포명(한국어)"/>
        <text default="Tous Les Jours" key="name:en" text="Name(English)" ko.text="점포명(영어)"/>
		<key key="name:ja" value="トゥレジュール"/>
		<key key="name:zh" value="多乐之日"/>
        <reference ref="level_1"/>
        <combo key="takeaway" text="Takeaway Available" ko.text="테이크 아웃" values="yes,only"/>
        <combo key="opening_hours" text="Opening Hours" ko.text="영업 시간" values="06:30-24:00,07:30-24:00,08:00-24:00,08:00-22:00,07:00-21:30"/>
		<reference ref="wheelchair"/>
		
		<item_separator />
		<reference ref="payment"/>
		<reference ref="payment_optional"/>
		
		<item_separator />
		<reference ref="internet"/>
		<reference ref="wi-fi"/>
		
        <key key="website" value="https://www.tlj.co.kr:7008/product/new.asp"/>
        <key key="brand:wikidata" value="Q3535609"/>
        <key key="brand:wikipedia" value="ko:뚜레쥬르"/>
    </item>

    <item icon="presets/shop/groceries/bakery.svg" name="Paris Baguette" ko.name="파리바게뜨" type="node,relation,closedway,multipolygon">
        <label text="Paris Baguette" ko.text="파리바게뜨"/>
        <key key="shop" value="bakery"/>
        <key key="brand" value="파리바게뜨"/>
        <key key="brand:en" value="Paris Baguette"/>
        <key key="operator" value="(주)파리크라상"/>
		
        <text default="파리바게뜨" key="name" text="Name(Korean)" ko.text="점포명(한국어)"/>
        <text default="파리바게뜨" key="name:ko" text="Name(Korean)" ko.text="점포명(한국어)"/>
        <text default="Paris Baguette" key="name:en" text="Name(English)" ko.text="점포명(영어)"/>
		<key key="name:zh" value="巴黎贝甜"/>
        <reference ref="level_1"/>
        <combo key="takeaway" text="Takeaway Available" ko.text="테이크 아웃" values="yes,only"/>
        <combo key="opening_hours" text="Opening Hours" ko.text="영업 시간" values="07:00-24:00,09:00-22:00"/>
		<reference ref="wheelchair"/>
		
		<item_separator />
		<reference ref="payment"/>
		<reference ref="payment_optional"/>
		
		<item_separator />
		<reference ref="internet"/>
		<reference ref="wi-fi"/>
		
        <key key="website" value="https://www.paris.co.kr/main"/>
        <key key="brand:wikidata" value="Q12621461"/>
        <key key="brand:wikipedia" value="ko:파리바게뜨"/>
    </item>
</group>


<group icon="icon/Juk.svg" name="Congee(Juk)" ko.name="죽">
    <item icon="icon/Juk.svg" name="Bonjuk" ko.name="본죽" type="node,relation,closedway,multipolygon">
        <label text="Bonjuk" ko.text="본죽"/>
        <key key="amenity" value="restaurant"/>
        <key key="cuisine" value="congee"/>
        <key key="brand" value="본죽"/>
        <key key="brand:en" value="Bonjuk"/>
        <key key="operator" value="본아이에프"/>
        <key key="operator:en" value="BonIF"/>
		
        <text default="본죽" key="name" text="Name(Korean)" ko.text="점포명(한국어)"/>
        <text default="본죽" key="name:ko" text="Name(Korean)" ko.text="점포명(한국어)"/>
        <text default="Bonjuk" key="name:en" text="Name(English)" ko.text="점포명(영어)"/>
        <reference ref="level_1"/>
        <combo key="takeaway" text="Takeaway Available" ko.text="테이크 아웃" values="yes,only"/>
        <combo key="opening_hours" text="Opening Hours" ko.text="영업 시간" values="09:00-22:00"/>
		<reference ref="wheelchair"/>
		
		<item_separator />
		<reference ref="payment"/>
		<reference ref="payment_optional"/>
		
		<item_separator />
		<reference ref="internet"/>
		<reference ref="wi-fi"/>
		
        <key key="website" value="http://www.bonjuk.co.kr/default.asp"/>
    </item>

    <item icon="icon/Juk.svg" name="JukStory" ko.name="죽이야기" type="node,relation,closedway,multipolygon">
        <label text="JukStory" ko.text="죽이야기"/>
        <key key="amenity" value="restaurant"/>
        <key key="cuisine" value="congee"/>
        <key key="brand" value="죽이야기"/>
        <key key="brand:en" value="JukStory"/>
        <key key="operator" value="대호가"/>
        <key key="operator:en" value="Daehoga"/>
		
        <text default="죽이야기" key="name" text="Name(Korean)" ko.text="점포명(한국어)"/>
        <text default="죽이야기" key="name:ko" text="Name(Korean)" ko.text="점포명(한국어)"/>
        <text default="JukStory" key="name:en" text="Name(English)" ko.text="점포명(영어)"/>
        <reference ref="level_1"/>
        <combo key="takeaway" text="Takeaway Available" ko.text="테이크 아웃" values="yes,only"/>
        <combo key="opening_hours" text="Opening Hours" ko.text="영업 시간" values="09:00-22:00"/>
		<reference ref="wheelchair"/>
		
		<item_separator />
		<reference ref="payment"/>
		<reference ref="payment_optional"/>
		
		<item_separator />
		<reference ref="internet"/>
		<reference ref="wi-fi"/>
		
        <key key="website" value="http://www.jukstory.com/main.php"/>
    </item>
</group>

<group icon="presets/food/cafe.svg" name="Cafe" ko.name="카페">
    <item icon="presets/food/cafe.svg" name="Paik's Coffee" ko.name="빽다방" type="node,relation,closedway,multipolygon">
        <label text="Starbucks" ko.text="스타벅스"/>
        <key key="amenity" value="cafe"/>
        <key key="cuisine" value="coffee_shop"/>
        <key key="brand" value="빽다방"/>
        <key key="brand:en" value="Paik's Coffee"/>
        <key key="operator" value="(주)더본코리아"/>
		
        <text default="빽다방" key="name" text="Name(Korean)" ko.text="점포명(한국어)"/>
        <text default="Paik's Coffee" key="name:en" text="Name(English)" ko.text="점포명(영어)"/>
        <text default="빽다방" key="name:ko" text="Name(Korean)" ko.text="점포명(한국어)"/>
        <reference ref="level_1"/>
        <combo key="takeaway" text="Takeaway Available" ko.text="테이크 아웃" values="yes,only,no"/>
        <combo key="opening_hours" text="Opening Hours" ko.text="영업 시간" values="07:00-24:00"/>
		<reference ref="wheelchair"/>
		
		<item_separator />
		<reference ref="payment"/>
		<reference ref="payment_optional"/>
		
		<item_separator />
		<reference ref="internet"/>
		<reference ref="wi-fi"/>
		
        <key key="website" value="http://paikdabang.com/"/>
        <key key="brand:wikidata" value="Q12624133"/>
        <key key="brand:wikipedia" value="ko:빽다방"/>
    </item>

    <item icon="presets/food/cafe.svg" name="Starbucks" ko.name="스타벅스" type="node,relation,closedway,multipolygon">
        <label text="Starbucks" ko.text="스타벅스"/>
        <key key="amenity" value="cafe"/>
        <key key="cuisine" value="coffee_shop"/>
        <key key="brand" value="스타벅스"/>
        <key key="brand:en" value="Starbucks"/>
        <key key="operator" value="(주)스타벅스커피 코리아"/>
		
        <text default="스타벅스" key="name" text="Name(Korean)" ko.text="점포명(한국어)"/>
        <text default="Starbucks" key="name:en" text="Name(English)" ko.text="점포명(영어)"/>
        <text default="스타벅스" key="name:ko" text="Name(Korean)" ko.text="점포명(한국어)"/>
		<key key="name:ja" value="スターバックス"/>
		<key key="name:zh" value="星巴克"/>
        <reference ref="level_1"/>
        <combo key="takeaway" text="Takeaway Available" ko.text="테이크 아웃" values="yes,only,no"/>
        <combo key="opening_hours" text="Opening Hours" ko.text="영업 시간" values="Mo-Fr 07:00-23:00; Sa-Su 08:00-23:00,07:00-23:00,08:00-23:00"/>
		<reference ref="wheelchair"/>
		
		<item_separator />
		<reference ref="payment"/>
		<reference ref="payment_optional"/>
		
		<item_separator />
		<reference ref="internet"/>
		<reference ref="wi-fi"/>
		
        <key key="website" value="http://www.istarbucks.co.kr/index.do"/>
        <key key="brand:wikidata" value="Q37158"/>
        <key key="brand:wikipedia" value="ko:스타벅스"/>
    </item>

    <item icon="presets/food/cafe.svg" name="Ediya Coffee" ko.name="이디야커피" type="node,relation,closedway,multipolygon">
        <label text="Ediya Coffee" ko.text="이디야커피"/>
        <key key="amenity" value="cafe"/>
        <key key="cuisine" value="coffee_shop"/>
        <key key="brand" value="이디야커피"/>
        <key key="brand:en" value="Ediya Coffee"/>
        <key key="operator" value="이디야커피"/>
		
        <text default="이디야커피" key="name" text="Name(Korean)" ko.text="점포명(한국어)"/>
        <text default="이디야커피" key="name:ko" text="Name(Korean)" ko.text="점포명(한국어)"/>
        <text default="Ediya Coffee" key="name:en" text="Name(English)" ko.text="점포명(영어)"/>
        <reference ref="level_1"/>
        <combo key="takeaway" text="Takeaway Available" ko.text="테이크 아웃" values="yes,only,no"/>
        <combo key="opening_hours" text="Opening Hours" ko.text="영업 시간" values="08:00-22:00,09:00-22:00"/>
		<reference ref="wheelchair"/>
		
		<item_separator />
		<reference ref="payment"/>
		<reference ref="payment_optional"/>
		
		<item_separator />
		<reference ref="internet"/>
		<reference ref="wi-fi"/>
		
        <key key="website" value="https://www.ediya.com/"/>
        <key key="brand:wikidata" value="Q12611298"/>
        <key key="brand:wikipedia" value="ko:이디야커피"/>
    </item>

    <item icon="logo/Coffee_Bean.png" name="The Coffee Bean &amp; Tea Leaf" ko.name="커피빈" type="node,relation,closedway,multipolygon">
        <label text="The Coffee Bean &amp; Tea Leaf" ko.text="커피빈"/>
        <key key="amenity" value="cafe"/>
        <key key="cuisine" value="coffee_shop"/>
        <key key="brand" value="커피빈"/>
        <key key="brand:en" value="The Coffee Bean &amp; Tea Leaf"/>
        <key key="operator" value="(주)커피빈코리아"/>
		
        <text default="커피빈" key="name" text="Name(Korean)" ko.text="점포명(한국어)"/>
        <text default="커피빈" key="name:ko" text="Name(Korean)" ko.text="점포명(한국어)"/>
        <text default="The Coffee Bean &amp; Tea Leaf" key="name:en" text="Name(English)" ko.text="점포명(영어)"/>
		<key key="name:ja" value="ザ・コーヒービーン &amp; ティーリーフ"/>
		<key key="name:zh" value="香啡缤"/>
        <reference ref="level_1"/>
        <combo key="takeaway" text="Takeaway Available" ko.text="테이크 아웃" values="yes,only,no"/>
        <combo key="opening_hours" text="Opening Hours" ko.text="영업 시간" values="07:00-23:00"/>
		<reference ref="wheelchair"/>
		
		<item_separator />
		<reference ref="payment"/>
		<reference ref="payment_optional"/>
		
		<item_separator />
		<reference ref="internet"/>
		<reference ref="wi-fi"/>
		
        <key key="website" value="http://www.coffeebeankorea.com/main/main.asp"/>
        <key key="brand:wikidata" value="Q1141384"/>
        <key key="brand:wikipedia" value="ko:커피빈 앤드 티리프"/>
    </item>

    <item icon="presets/food/cafe.svg" name="Holly's Coffee" ko.name="할리스커피" type="node,relation,closedway,multipolygon">
        <label text="Holly's Coffee" ko.text="할리스커피"/>
        <key key="amenity" value="cafe"/>
        <key key="cuisine" value="coffee_shop"/>
        <key key="brand" value="할리스커피"/>
        <key key="brand:en" value="Holly's Coffee"/>
        <key key="operator" value="(주)할리스에프앤비"/>
		
        <text default="할리스커피" key="name" text="Name(Korean)" ko.text="점포명(한국어)"/>
        <text default="할리스커피" key="name:ko" text="Name(Korean)" ko.text="점포명(한국어)"/>
        <text default="Holly's Coffee" key="name:en" text="Name(English)" ko.text="점포명(영어)"/>
        <reference ref="level_1"/>
        <combo key="takeaway" text="Takeaway Available" ko.text="테이크 아웃" values="yes,only,no"/>
        <combo key="opening_hours" text="Opening Hours" ko.text="영업 시간" values="07:00-23:00,08:00-24:00,08:00-01:30,09:00-24:00"/>
		<reference ref="wheelchair"/>
		
		<item_separator />
		<reference ref="payment"/>
		<reference ref="payment_optional"/>
		
		<item_separator />
		<reference ref="internet"/>
		<reference ref="wi-fi"/>
		
        <key key="website" value="https://www.hollys.co.kr/"/>
        <key key="brand:wikidata" value="Q12624386"/>
        <key key="brand:wikipedia" value="ko:할리스 커피"/>
    </item>
</group>


<group icon="presets/food/fast_food.svg" name="Fast Foods" ko.name="패스트푸드">
    <item icon="presets/food/fast_food.svg" name="Lotteria" ko.name="롯데리아" type="node,relation,closedway,multipolygon">
        <label text="Lotteria" ko.text="롯데리아"/>
        <key key="amenity" value="fast_food"/>
        <key key="cuisine" value="burger"/>
        <key key="brand" value="롯데리아"/>
        <key key="brand:en" value="Lotteria"/>
        <key key="operator" value="롯데GRS"/>
        <key key="operator:en" value="Lotte GRS"/>
		
        <text default="롯데리아" key="name" text="Name(Korean)" ko.text="점포명(한국어)"/>
        <text default="롯데리아" key="name:ko" text="Name(Korean)" ko.text="점포명(한국어)"/>
        <text default="Lotteria" key="name:en" text="Name(English)" ko.text="점포명(영어)"/>
		<key key="name:ja" value="ロッテリア"/>
		<key key="name:zh" value="乐天利"/>
        <reference ref="level_1"/>
        <combo key="takeaway" text="Takeaway Available" ko.text="테이크 아웃" values="yes,only"/>
        <combo key="opening_hours" text="Opening Hours" ko.text="영업 시간" values="09:00-22:00,10:00-22:00,10:00-24:00"/>
		<reference ref="wheelchair"/>
		
		<item_separator />
		<reference ref="payment"/>
		<reference ref="payment_optional"/>
		
		<item_separator />
		<reference ref="internet"/>
		<reference ref="wi-fi"/>
		
        <key key="website" value="http://www.lotteria.com/"/>
        <key key="brand:wikidata" value="Q249525"/>
        <key key="brand:wikipedia" value="ko:롯데리아"/>
    </item>

    <item icon="presets/food/fast_food.svg" name="Mom's Touch" ko.name="맘스터치" type="node,relation,closedway,multipolygon">
        <label text="Mom's Touch" ko.text="맘스터치"/>
        <key key="amenity" value="fast_food"/>
        <key key="cuisine" value="burger"/>
        <key key="brand" value="맘스터치"/>
        <key key="brand:en" value="Mom's Touch"/>
        <key key="operator" value="해마로푸드서비스(주)"/>
        <key key="operator:en" value="Haemaro Food Service"/>
		
        <text default="맘스터치" key="name" text="Name(Korean)" ko.text="점포명(한국어)"/>
        <text default="맘스터치" key="name:ko" text="Name(Korean)" ko.text="점포명(한국어)"/>
        <text default="Mom's Touch" key="name:en" text="Name(English)" ko.text="점포명(영어)"/>
        <reference ref="level_1"/>
        <combo key="takeaway" text="Takeaway Available" ko.text="테이크 아웃" values="yes,only"/>
        <combo key="opening_hours" text="Opening Hours" ko.text="영업 시간" values="10:00-23:00,11:00-23:00,11:00-22:30,12:00-23:30,12:00-23:00"/>
		<reference ref="wheelchair"/>
		
		<item_separator />
		<reference ref="payment"/>
		<reference ref="payment_optional"/>
		
		<item_separator />
		<reference ref="internet"/>
		<reference ref="wi-fi"/>
		
        <key key="website" value="http://www.momstouch.co.kr/main/main.php"/>
        <key key="brand:wikidata" value="Q23044856"/>
        <key key="brand:wikipedia" value="ko:맘스터치"/>
    </item>

    <item icon="logo/Burger_King.svg" name="Burger King" ko.name="버거킹" type="node,relation,closedway,multipolygon">
        <label text="Burger King" ko.text="버거킹"/>
        <key key="amenity" value="fast_food"/>
        <key key="cuisine" value="burger"/>
        <key key="brand" value="버거킹"/>
        <key key="brand:en" value="Burger King"/>
        <key key="operator" value="비케이알"/>
        <key key="operator:en" value="BKR"/>
		
        <text default="버거킹" key="name" text="Name(Korean)" ko.text="점포명(한국어)"/>
        <text default="버거킹" key="name:ko" text="Name(Korean)" ko.text="점포명(한국어)"/>
        <text default="Burger King" key="name:en" text="Name(English)" ko.text="점포명(영어)"/>
		<key key="name:ja" value="バーガーキング"/>
		<key key="name:zh" value="漢堡王"/>
        <reference ref="level_1"/>
        <combo key="takeaway" text="Takeaway Available" ko.text="테이크 아웃" values="yes,only"/>
        <combo key="opening_hours" text="Opening Hours" ko.text="영업 시간" values="10:00-23:00,10:00-22:00,10:00-24:00"/>
		<reference ref="wheelchair"/>
		
		<item_separator />
		<reference ref="payment"/>
		<reference ref="payment_optional"/>
		
		<item_separator />
		<reference ref="internet"/>
		<reference ref="wi-fi"/>
		
        <key key="website" value="http://www.burgerking.co.kr/"/>
        <key key="brand:wikidata" value="Q177054"/>
        <key key="brand:wikipedia" value="ko:버거킹"/>
    </item>

    <item icon="presets/food/fast_food.svg" name="Popeyes" ko.name="파파이스" type="node,relation,closedway,multipolygon">
        <label text="Popeyes" ko.text="파파이스"/>
        <key key="amenity" value="fast_food"/>
        <key key="cuisine" value="burger"/>
        <key key="brand" value="파파이스"/>
        <key key="brand:en" value="Popeyes"/>
        <key key="operator" value="(주)TS 푸드앤시스템"/>
        <key key="operator:en" value="TS Food &amp; System"/>
		
        <text default="파파이스" key="name" text="Name(Korean)" ko.text="점포명(한국어)"/>
        <text default="파파이스" key="name:ko" text="Name(Korean)" ko.text="점포명(한국어)"/>
        <text default="Popeyes" key="name:en" text="Name(English)" ko.text="점포명(영어)"/>
		<key key="name:ja" value="ポパイズ"/>
		<key key="name:zh" value="大力水手炸雞"/>
        <reference ref="level_1"/>
        <combo key="takeaway" text="Takeaway Available" ko.text="테이크 아웃" values="yes,only"/>
        <combo key="opening_hours" text="Opening Hours" ko.text="영업 시간" values="10:00-22:00"/>
		<reference ref="wheelchair"/>
		
		<item_separator />
		<reference ref="payment"/>
		<reference ref="payment_optional"/>
		
		<item_separator />
		<reference ref="internet"/>
		<reference ref="wi-fi"/>
		
        <key key="website" value="http://www.popeyes.co.kr/"/>
        <key key="brand:wikidata" value="Q1330910"/>
        <key key="brand:wikipedia" value="ko:파파이스"/>
    </item>

    <item icon="logo/KFC.png" name="KFC" type="node,relation,closedway,multipolygon">
        <label text="KFC"/>
        <key key="amenity" value="fast_food"/>
        <key key="cuisine" value="burger"/>
        <key key="brand" value="KFC"/>
        <key key="operator" value="케이에프씨코리아"/>
        <key key="operator:en" value="KFC Korea"/>
		
        <text default="KFC" key="name" text="Name(Korean)" ko.text="점포명(한국어)"/>
        <text default="KFC" key="name:ko" text="Name(Korean)" ko.text="점포명(한국어)"/>
        <text default="KFC" key="name:en" text="Name(English)" ko.text="점포명(영어)"/>
		<key key="name:zh" value="肯德基"/>
        <reference ref="level_1"/>
        <combo key="takeaway" text="Takeaway Available" ko.text="테이크 아웃" values="yes,only"/>
        <combo key="opening_hours" text="Opening Hours" ko.text="영업 시간" values="10:00-23:00,10:00-24:00,24/7"/>
		<reference ref="wheelchair"/>
		
		<item_separator />
		<reference ref="payment"/>
		<reference ref="payment_optional"/>
		
		<item_separator />
		<reference ref="internet"/>
		<reference ref="wi-fi"/>
		
        <key key="website" value="http://www.kfckorea.com/"/>
        <key key="brand:wikidata" value="Q524757"/>
        <key key="brand:wikipedia" value="ko:KFC"/>
    </item>
</group>


<group icon="presets/shop/convenience.svg" name="Convenience Store" ko.name="편의점">
    <item icon="logo/Ministop.svg" name="MINISTOP" ko.name="미니스톱" type="node,relation,closedway,multipolygon">
        <label text="MINISTOP" ko.text="미니스톱"/>
        <key key="shop" value="convenience"/>
        <key key="brand" value="MINISTOP"/>
        <key key="operator" value="미니스톱"/>
        <key key="operator:en" value="MINISTOP"/>
		
        <text default="미니스톱" key="name" text="Name(Korean)" ko.text="점포명(한국어)"/>
        <text default="미니스톱" key="name:ko" text="Name(Korean)" ko.text="점포명(한국어)"/>
        <text default="MINISTOP" key="name:en" text="Name(English)" ko.text="점포명(영어)"/>
		<key key="name:ja" value="ミニストップ"/>
        <reference ref="level_1"/>
        <combo key="opening_hours" text="Opening Hours" ko.text="영업 시간" values="06:00-01:00,06:00-24:00,24/7"/>
		<reference ref="wheelchair"/>
		
		<item_separator />
		<reference ref="payment"/>
		<reference ref="payment_optional"/>
		
		<item_separator />
		<reference ref="internet"/>
		<reference ref="wi-fi"/>
		
        <key key="website" value="https://www.ministop.co.kr/"/>
        <key key="brand:wikidata" value="Q1038929"/>
        <key key="brand:wikipedia" value="ko:미니스톱"/>
    </item>

    <item icon="logo/Seven_Eleven.svg" name="Seven-Eleven" ko.name="세븐일레븐" type="node,relation,closedway,multipolygon">
        <label text="Seven-Eleven" ko.text="세븐일레븐"/>
        <key key="shop" value="convenience"/>
        <key key="brand" value="7 ELEVEN"/>
        <key key="operator" value="코리아세븐"/>
        <key key="operator:en" value="KOREA SEVEN"/>
		
        <text default="세븐일레븐" key="name" text="Name(Korean)" ko.text="점포명(한국어)"/>
        <text default="세븐일레븐" key="name:ko" text="Name(Korean)" ko.text="점포명(한국어)"/>
        <text default="Seven-Eleven" key="name:en" text="Name(English)" ko.text="점포명(영어)"/>
		<key key="name:ja" value="セブン-イレブン"/>
        <reference ref="level_1"/>
        <combo key="opening_hours" text="Opening Hours" ko.text="영업 시간" values="06:00-01:00,06:00-24:00,24/7"/>
		<reference ref="wheelchair"/>
		
		<item_separator />
		<reference ref="payment"/>
		<key key="payment:unionpay" value="yes"/>
		<check key="payment:telephone_cards" text="Telephone Cards" ko.text="전화카드" default="off"/>
		<check key="payment:maestro" text="Maestro" ko.text="마에스트로" default="off"/>
		
		<item_separator />
		<reference ref="internet"/>
		<reference ref="wi-fi"/>
		
        <key key="website" value="http://www.7-eleven.co.kr/"/>
        <key key="brand:wikidata" value="Q259340"/>
        <key key="brand:wikipedia" value="ko:세븐일레븐"/>
    </item>

    <item icon="logo/CU.svg" name="CU" type="node,relation,closedway,multipolygon">
        <label text="CU"/>
        <key key="shop" value="convenience"/>
        <key key="brand" value="CU"/>
        <key key="operator" value="BGF리테일"/>
        <key key="operator:en" value="BGF Retail"/>
		
        <text default="CU" key="name" text="Name(Korean)" ko.text="점포명(한국어)"/>
        <text default="CU" key="name:ko" text="Name(Korean)" ko.text="점포명(한국어)"/>
        <reference ref="level_1"/>
        <combo key="opening_hours" text="Opening Hours" ko.text="영업 시간" values="06:00-01:00,06:00-24:00,24/7,"/>
		<reference ref="wheelchair"/>
		
		<item_separator />
		<reference ref="payment"/>
		<key key="payment:unionpay" value="yes"/>
		<check key="payment:telephone_cards" text="Telephone Cards" ko.text="전화카드" default="off"/>
		<check key="payment:maestro" text="Maestro" ko.text="마에스트로" default="off"/>
		
		<item_separator />
		<reference ref="internet"/>
		<reference ref="wi-fi"/>
		
        <key key="website" value="http://cu.bgfretail.com/index.do"/>
        <key key="brand:wikidata" value="Q12580836"/>
        <key key="brand:wikipedia" value="ko:CU (편의점)"/>
    </item>

    <item icon="logo/GS25.svg" name="GS25" type="node,relation,closedway,multipolygon">
        <label text="GS25"/>
        <key key="shop" value="convenience"/>
        <key key="brand" value="GS25"/>
        <key key="operator" value="GS리테일"/>
        <key key="operator:en" value="GS Retail"/>
		
        <text default="GS25" key="name" text="Name(Korean)" ko.text="점포명(한국어)"/>
        <text default="GS25" key="name:ko" text="Name(Korean)" ko.text="점포명(한국어)"/>
        <reference ref="level_1"/>
        <combo key="opening_hours" text="Opening Hours" ko.text="영업 시간" values="06:00-01:00,06:00-24:00,24/7,"/>
		<reference ref="wheelchair"/>
		
		<item_separator />
		<reference ref="payment"/>
		<key key="payment:unionpay" value="yes"/>
		<check key="payment:telephone_cards" text="Telephone Cards" ko.text="전화카드" default="off"/>
		<check key="payment:maestro" text="Maestro" ko.text="마에스트로" default="off"/>
		
		<item_separator />
		<reference ref="internet"/>
		<reference ref="wi-fi"/>
		
        <key key="website" value="http://gs25.gsretail.com/gscvs/ko/main"/>
        <key key="brand:wikidata" value="Q624041"/>
        <key key="brand:wikipedia" value="ko:GS25"/>
    </item>
</group>


<group icon="presets/shop/cosmetics.svg" name="Cosmetic Store" ko.name="화장품 가게">
    <item icon="presets/shop/cosmetics.svg" name="Skinfood" ko.name="스킨푸드" type="node,relation,closedway,multipolygon">
        <label text="Skinfood" ko.text="스킨푸드"/>
        <key key="shop" value="cosmetics"/>
        <key key="brand" value="스킨푸드"/>
        <key key="brand:en" value="Skinfood"/>
        <key key="operator" value="(주)스킨푸드"/>
		
        <text default="스킨푸드" key="name" text="Name(Korean)" ko.text="점포명(한국어)"/>
        <text default="스킨푸드" key="name:ko" text="Name(Korean)" ko.text="점포명(한국어)"/>
        <text default="Skinfood" key="name:en" text="Name(English)" ko.text="점포명(영어)"/>
        <reference ref="level_1"/>
        <combo key="opening_hours" text="Opening Hours" ko.text="영업 시간" values="09:00-22:00,10:00-22:00,"/>
		<reference ref="wheelchair"/>
		
		<item_separator />
		<reference ref="payment"/>
		<reference ref="payment_optional"/>
		
		<item_separator />
		<reference ref="internet"/>
		<reference ref="wi-fi"/>
		
        <key key="website" value="http://www.theskinfood.com/"/>
        <key key="brand:wikidata" value="Q7535345"/>
        <key key="brand:wikipedia" value="ko:스킨푸드"/>
    </item>

    <item icon="presets/shop/cosmetics.svg" name="Olive Young" ko.name="올리브영" type="node,relation,closedway,multipolygon">
        <label text="Olive Young" ko.text="올리브영"/>
        <key key="shop" value="cosmetics"/>
        <key key="brand" value="Olive Young"/>
        <key key="brand:en" value="Skinfood"/>
        <key key="operator" value="씨제이 올리브네트웍스 주식회사"/>
		
        <text default="올리브영" key="name" text="Name(Korean)" ko.text="점포명(한국어)"/>
        <text default="올리브영" key="name:ko" text="Name(Korean)" ko.text="점포명(한국어)"/>
        <text default="Olive Young" key="name:en" text="Name(English)" ko.text="점포명(영어)"/>
        <reference ref="level_1"/>
        <combo key="opening_hours" text="Opening Hours" ko.text="영업 시간" values="10:00-22:00,09:00-22:00"/>
		<reference ref="wheelchair"/>
		
		<item_separator />
		<reference ref="payment"/>
		<reference ref="payment_optional"/>
		
		<item_separator />
		<reference ref="internet"/>
		<reference ref="wi-fi"/>
		
        <key key="website" value="http://www.oliveyoung.co.kr/store/main/main.do"/>
        <key key="brand:wikidata" value="Q55643246"/>
        <key key="brand:wikipedia" value="ko:올리브영"/>
    </item>
</group>

</group>
</presets>
